Baby clothes,Baby jumpsuits
Baby toys,Activity toys
,Baby books
,Baby comforter
,Baby cots
,Baby projector
,Baby rockers
,Baby walkers
,Bead frames
,Bite rings
,Blocks
,Brom tolls
,Draw figures
,Figures & animals
,Grab toys
,Hammer banks & form stewing
,Highchairs
,Mobiles
,Music box
,Pacifier chains
,Pile up
,Play mats & babygyms
,Play phones
,Pluche toys
,Pram spanners
,Rocking figures
,Stick rollers
,Strollers
,Tumbler
,Vehicles
,Walk cars
Bags,Diaper bags
,Shopper bag
Bath & shower,Baby care
,Batchcapes
,Bath animals
,Bath ducks
,Bath toys
,Bathrobes
Bathing products,Bath accessoires
,Bath sets
,Bath toys
,Bathcapes
,Bathrobes
,Baths
,Towels
,Washcloths
Bathroom,Bathroom textiles
Bed Textiles,Bedbumpers
,Blankets & sheets
,Duvet covers
,Duvets
,Fitted sheets
,Ladybags
,Mattress protectors
,Pillows
Beds,Bed tents
,Failure protection
,Growing beds
,Junior beds
Books,Baby & toddler books
Boxes,Box carpets
,Boxbumpers
,Boxes
Building blocks,Blocks and planks
Camping,Toilet supplies
Car seats,Baby seats
,Seat accessories
,Seat covers
Care,Bibs & spit wipes
,Body care
,Body lotions
,Brushes & combs
,Care cloths
,Changing mats
,Diaper buckets
,Dressing Cushions
,Hand care
,Health
,Jars & heat cushions
,Nappies
,Pacifier chains
,Pacifiers
,Puddle jars
,Teething rings
,Thermometers
,Toothbrushes
Casual accessories,Hats
Casual clothing,Dresses
,Jackets
,Socks
,Sweaters
,Trousers
,Vests
Child safety,Door/frame/cabinet security
,Hearing protection
,Socket protection
,Stair fences
,Table corner protection
Children cuisines,Toys food
Children's accessories,Child car seats
Children's books,Picture books
Clothing & accessoires,Clothing waterproof suit
,Clothing waterproof trousers
,Hats and scarves
Clothing & shoe,Baby shoes
,Baby sleeping bags
,Beanies
,Pajamas
,Snow boots
,Socks
,Sunglasses
,T-shirts
,Underwear
,Uv-resistant swimwear
Crafts and drawing,Jewellery & bags design
Cuddly toys,Bears
,Birds
,Creatures
,Famous figures
,Fantasy characters
,Farm animals
,Forest animals
,Hug wipes
,Pets
,Wild animals
Decoration,Cushions
,Lamps
,Music boxes
,Music mobiles
,Nightlights
,Storage
,Wall decoration
Drinking bottles,Thermos flasks
Eat & drink,Bibs
,Bottles
,Bowls
,Coffee spout
,Cup
,Cutlery
,Dining set
,Place-mat
,Plates
Educational,Experiment
,Stack games
Figures & play sets,Pets
Food & Drink,Accessoires
,Bottles
,Breastfeeding
,Cutlery & tableware
,Drinking cups
,Food preparation
,Nutritional Cushions
Food storage,Air-tight containers
,Drinking bottles and cups
Furnishing,Cabinets
,Chairs
,Children's chairs
Furniture,Beds
,Chairs
,Closets
,Furniture accessories
,Stools
Games,Patience games
Hair Accessories,Hair Elastics
,Hair Pins
,Hair Sliders
Home decorations,Cushions and plaids
,Rugs and mats
,Wall decorations
Interior lighting,Ornamental lighting
Kitchen utensils,Strainers and sieves
Music,Music sets
,Xylophones
Nursery,Baby projector
,Beds
,Bedside
,Blanket
,Cabinets
,Chairs & sofas
,Child-safety
,Cribs
,Cushion
,Decoration accessories
,Decoration lighting
,Duvet covers
,Fitted sheets
,Night lights
,Photo frames
,Storage baskets
,Wall decals
On the road,Waterproof suit
,Waterproof trousers
Outdoortoys,Play tents
Play attributes,Tops & sticks
Playmats,Playmats
,Trafficmat
Pushchairs and strollers,Carrycots
,Inserts
,Pram hangers
,Prams
,Rain covers
,Sun protection
Puzzles,Puzzles
,Shape puzzles
Rainwear,Rain coats
,Rain suits
Role Play,Shop & accessories
root,Activity toys
,Baby books
,Baby carriers
,Baby dresses
,Baby enamels
,Baby monitors
,Baby nests
,Baby skirts
,Baby walkers
,Babyleggings
,Bags & cases
,Bedsteads
,Blocks
,Buggies
,Buggy accessories
,Bump figures
,Car seats
,Carriages
,Children's harnesses
,Clothing for moms
,Coats & vests
,Cribs
,Cuddle cloths
,Dresses & skirts
,Figures & animals
,Footmuffs
,Hair accessories
,Hammer benches & shape sorters
,Hats & gloves
,Jigsaw puzzle
,Knee pads
,Mattresses
,Music boxes
,Pants
,Play tents
,Playmats & Baby Gym
,Plush toys
,Pyjamas
,Rainwear
,Rattles
,Rompers
,Shoes
,Slippers
,Socks
,Stacking
,Sun hats
,Sweaters
,Teething rings
,Toy Phones
,Travel beds
,T-shirts
,Vehicles
,Wall games
Sleeping,Camping cots
,Children's duvet covers
,Fitted sheets
,Mattresses
,Pillows
Swimming,Swimslips
,Swimwear
,Uv-resistant swimwear
,Wetsuits
Swimwear,Baby beachwear
,Babywetsuits
,Swim diapers
,UV resistant baby swimwear
Thermal products,Hot-water bottles
Tracks & garages,Garages
Traveling,Backpacks
,Camping beds
,Neck pillows
,Sun screens
Tricycles,Tricycles child
Vehicles,Airplanes
,Cars
,Construction vehicles
,Emergency
,Monster trucks
,Tractors
Wooden toys,Activity toys
,Education
,Figures & play sets
,Musical instruments
,Nursery accessories
,Play equipment
,Prehensile & teething toys
,Shape puzzles
,Tracks & garages
,Trains & railways
,Vehicles
,Wooden blocks & boards